supplier,sku,qty,cost,gst_pct,batch_no,expiry
Sri Arora Enterprises,101,80,95,5,TD-A1,2027-03-12
Sri Arora Enterprises,102,100,42,5,SG-A1,
Sri Arora Enterprises,103,40,70,5,,
Sri Arora Enterprises,104,60,40,5,WF-A1,2027-03-12
Fresh Dairy Co,105,50,22,5,CU-B1,2026-09-23
Fresh Dairy Co,106,30,45,12,BT-B1,2026-11-12
Fresh Dairy Co,107,20,65,0,EG-B1,2026-09-27
City Wholesale Mart,108,25,55,12,,
City Wholesale Mart,109,40,22,18,,
City Wholesale Mart,110,35,40,18,,
City Wholesale Mart,111,30,38,18,,
City Wholesale Mart,112,50,28,12,,
